precision,recall,f1-score,support
0.5298507462686567,0.6677115987460815,0.5908460471567267,319.0
0.7108843537414966,0.806949806949807,0.755877034358047,259.0
0.5512367491166078,0.48598130841121495,0.5165562913907285,321.0
0.5954198473282443,0.2,0.29942418426103645,390.0
0.3130434782608696,0.6506024096385542,0.4227005870841487,166.0
0.525085910652921,0.525085910652921,0.525085910652921,0.525085910652921
0.540087034943175,0.5622490247491316,0.5170808288501375,1455.0
0.5596339450134019,0.525085910652921,0.5065363160109462,1455.0
