precision,recall,f1-score,support
0.6480938416422287,0.6927899686520376,0.6696969696969697,319.0
0.7554744525547445,0.7992277992277992,0.776735459662289,259.0
0.6334519572953736,0.5545171339563862,0.5913621262458472,321.0
0.572,0.36666666666666664,0.446875,390.0
0.4045307443365696,0.7530120481927711,0.5263157894736842,166.0
0.6006872852233677,0.6006872852233677,0.6006872852233677,0.6006872852233677
0.6027101991657833,0.6332427233391321,0.602197069015758,1455.0
0.6157938148090963,0.6006872852233677,0.5953846948202163,1455.0
