precision,recall,f1-score,support
0.647887323943662,0.7210031347962382,0.6824925816023739,319.0
0.776,0.749034749034749,0.762278978388998,259.0
0.6349206349206349,0.4984423676012461,0.5584642233856894,321.0
0.5637065637065637,0.37435897435897436,0.44992295839753466,390.0
0.3893805309734513,0.7951807228915663,0.5227722772277228,166.0
0.5924398625429553,0.5924398625429553,0.5924398625429553,0.5924398625429553
0.6023790107088625,0.6276039897365548,0.5951862038004637,1455.0
0.6157747822231648,0.5924398625429553,0.588771516450553,1455.0
