precision,recall,f1-score,support
0.6726726726726727,0.7021943573667712,0.6871165644171779,319.0
0.7689243027888446,0.7451737451737451,0.7568627450980392,259.0
0.6019108280254777,0.5887850467289719,0.5952755905511811,321.0
0.5437956204379562,0.382051282051282,0.44879518072289154,390.0
0.3957597173144876,0.6746987951807228,0.49888641425389757,166.0
0.5958762886597938,0.5958762886597938,0.5958762886597938,0.5958762886597938
0.5966126282478879,0.6185806453002985,0.5973872990086374,1455.0
0.6080575655299516,0.5958762886597938,0.5939150273845194,1455.0
