precision,recall,f1-score,support
0.4946808510638298,0.3875,0.43457943925233644,480.0
0.7740667976424361,0.8208333333333333,0.7967644084934277,480.0
0.6203703703703703,0.6979166666666666,0.6568627450980392,480.0
0.6262626262626263,0.5166666666666667,0.5662100456621004,480.0
0.6044905008635578,0.7291666666666666,0.6610009442870632,480.0
0.6304166666666666,0.6304166666666666,0.6304166666666666,0.6304166666666666
0.6239742292405641,0.6304166666666666,0.6230835165585933,2400.0
0.623974229240564,0.6304166666666666,0.6230835165585934,2400.0
