precision,recall,f1-score,support
0.6012269938650306,0.6144200626959248,0.6077519379844961,319.0
0.7441860465116279,0.7413127413127413,0.7427466150870407,259.0
0.5815602836879432,0.5109034267912772,0.5439469320066335,321.0
0.5480427046263345,0.39487179487179486,0.45901639344262296,390.0
0.35064935064935066,0.6506024096385542,0.45569620253164556,166.0
0.5594501718213059,0.5594501718213059,0.5594501718213059,0.5594501718213059
0.5651330758680574,0.5824220870620584,0.5618316162104877,1455.0
0.5794920241686247,0.5594501718213059,0.5604901510389025,1455.0
