precision,recall,f1-score,support
0.7006802721088435,0.64576802507837,0.6721044045676998,319.0
0.7601476014760148,0.7953667953667953,0.7773584905660378,259.0
0.6050955414012739,0.5919003115264797,0.5984251968503937,321.0
0.5387755102040817,0.3384615384615385,0.415748031496063,390.0
0.36253776435045315,0.7228915662650602,0.482897384305835,166.0
0.5869415807560138,0.5869415807560138,0.5869415807560138,0.5869415807560138
0.5934473379081335,0.6188776473396488,0.5893067015572059,1455.0
0.6082024895096803,0.5869415807560138,0.5842847700212437,1455.0
