precision,recall,f1-score,support
0.3344262295081967,0.6538461538461539,0.44251626898047725,156.0
0.5380952380952381,0.4767932489451477,0.5055928411633109,237.0
0.7114093959731543,0.7737226277372263,0.7412587412587412,137.0
0.531055900621118,0.5625,0.5463258785942492,304.0
0.39864864864864863,0.19666666666666666,0.26339285714285715,300.0
0.4858906525573192,0.4858906525573192,0.4858906525573192,0.4858906525573192
0.5027270825692711,0.532705739439039,0.4998173174279271,1134.0
0.4922378649590711,0.4858906525573192,0.4722322866883735,1134.0
