precision,recall,f1-score,support
0.7190635451505016,0.6739811912225705,0.6957928802588996,319.0
0.7914893617021277,0.7181467181467182,0.7530364372469636,259.0
0.6144578313253012,0.6355140186915887,0.6248085758039816,321.0
0.6231155778894473,0.31794871794871793,0.42105263157894735,390.0
0.3487179487179487,0.8192771084337349,0.4892086330935252,166.0
0.5945017182130584,0.5945017182130584,0.5945017182130584,0.5945017182130584
0.6193688529570653,0.6329735508886661,0.5967798315964635,1455.0
0.6409073775280734,0.5945017182130584,0.5931113940150827,1455.0
