precision,recall,f1-score,support
0.4656084656084656,0.5641025641025641,0.5101449275362319,156.0
0.5838150289017341,0.42616033755274263,0.4926829268292683,237.0
0.6832298136645962,0.8029197080291971,0.738255033557047,137.0
0.7096774193548387,0.3618421052631579,0.4793028322440087,304.0
0.42105263157894735,0.64,0.5079365079365079,300.0
0.5299823633156967,0.5299823633156967,0.5299823633156967,0.5299823633156967
0.5726766718217164,0.5590049429895323,0.5456644456206128,1134.0
0.5702462891659933,0.5299823633156967,0.5252014244573503,1134.0
