precision,recall,f1-score,support
0.5946601941747572,0.768025078369906,0.6703146374829001,319.0
0.7239057239057239,0.8301158301158301,0.7733812949640287,259.0
0.6837944664031621,0.5389408099688473,0.6027874564459931,321.0
0.6211453744493393,0.36153846153846153,0.45705024311183146,390.0
0.45112781954887216,0.7228915662650602,0.5555555555555556,166.0
0.6144329896907217,0.6144329896907217,0.6144329896907217,0.6144329896907217
0.6149267156963709,0.644302349251621,0.6118178375120618,1455.0
0.6280550668241238,0.6144329896907217,0.6035070208300543,1455.0
