precision,recall,f1-score,support
0.7196969696969697,0.5956112852664577,0.6518010291595198,319.0
0.8008849557522124,0.6988416988416989,0.7463917525773196,259.0
0.6485507246376812,0.557632398753894,0.5996649916247906,321.0
0.5089285714285714,0.43846153846153846,0.47107438016528924,390.0
0.3597733711048159,0.7650602409638554,0.48940269749518306,166.0
0.5828178694158076,0.5828178694158076,0.5828178694158076,0.5828178694158076
0.6075669185240502,0.6111214324574888,0.5916669702044205,1455.0
0.6208947367301679,0.5828178694158076,0.5901665364808477,1455.0
