precision,recall,f1-score,support
0.3937007874015748,0.6410256410256411,0.4878048780487805,156.0
0.5062761506276151,0.510548523206751,0.5084033613445378,237.0
0.7202797202797203,0.7518248175182481,0.7357142857142858,137.0
0.5896551724137931,0.5625,0.5757575757575758,304.0
0.4230769230769231,0.29333333333333333,0.3464566929133858,300.0
0.5141093474426808,0.5141093474426808,0.5141093474426808,0.5141093474426808
0.5265977507599253,0.5518464630167947,0.5308273587557131,1134.0
0.5169853100075681,0.5141093474426808,0.5082445552570029,1134.0
