precision,recall,f1-score,support
0.6076696165191741,0.64576802507837,0.6261398176291794,319.0
0.7481751824817519,0.7915057915057915,0.7692307692307693,259.0
0.6337448559670782,0.4797507788161994,0.5460992907801419,321.0
0.5434083601286174,0.43333333333333335,0.48216833095577744,390.0
0.3506944444444444,0.608433734939759,0.44493392070484583,166.0
0.5738831615120275,0.5738831615120275,0.5738831615120275,0.5738831615120275
0.5767384919082131,0.5917583327346907,0.5737144258601428,1455.0
0.5918904583682205,0.5738831615120275,0.574688607082241,1455.0
