precision,recall,f1-score,support
0.5375,0.35833333333333334,0.43,480.0
0.7948207171314741,0.83125,0.8126272912423625,480.0
0.6125211505922166,0.7541666666666667,0.6760037348272643,480.0
0.609504132231405,0.6145833333333334,0.6120331950207469,480.0
0.6520874751491054,0.6833333333333333,0.6673448626653102,480.0
0.6483333333333333,0.6483333333333333,0.6483333333333333,0.6483333333333333
0.6412866950208401,0.6483333333333334,0.6396018167511368,2400.0
0.6412866950208402,0.6483333333333333,0.6396018167511369,2400.0
